model,epochs,batch,accuracy,time,status
MobileNetV2,20,16,0.8999999761581421,57.29,Sucesso
MobileNetV2,20,32,0.8999999761581421,53.84,Sucesso
MobileNetV2,20,64,0.8666666746139526,237.85,Sucesso
MobileNetV2,50,16,0.8999999761581421,162.55,Sucesso
MobileNetV2,50,32,0.8999999761581421,135.5,Sucesso
MobileNetV2,50,64,0.8999999761581421,129.6,Sucesso
MobileNetV2,100,16,0.8666666746139526,291.37,Sucesso
MobileNetV2,100,32,0.8999999761581421,1172.08,Sucesso
MobileNetV2,100,64,0.8999999761581421,243.91,Sucesso
ResNet50,20,16,0.36666667461395264,134.94,Sucesso
ResNet50,20,32,0.36666667461395264,129.54,Sucesso
ResNet50,20,64,0.4333333373069763,1242.02,Sucesso
ResNet50,50,16,0.3333333432674408,1439.46,Sucesso
ResNet50,50,32,0.4000000059604645,2133.68,Sucesso
ResNet50,50,64,0.5,335.77,Sucesso
ResNet50,100,16,0.46666666865348816,777.95,Sucesso
ResNet50,100,32,0.5333333611488342,794.72,Sucesso
ResNet50,100,64,0.5,4556.54,Sucesso
VGG16,20,16,0.800000011920929,165.75,Sucesso
VGG16,20,32,0.800000011920929,1269.62,Sucesso
VGG16,20,64,0.8666666746139526,149.11,Sucesso
VGG16,50,16,0.800000011920929,381.27,Sucesso
VGG16,50,32,0.8666666746139526,1922.8,Sucesso
VGG16,50,64,0.7666666507720947,1390.54,Sucesso
VGG16,100,16,0.7666666507720947,2916.05,Sucesso
VGG16,100,32,0.7666666507720947,2847.39,Sucesso
VGG16,100,64,0.800000011920929,1351.24,Sucesso
EfficientNetB0,20,16,0.3333333432674408,104.45,Sucesso
EfficientNetB0,20,32,0.3333333432674408,90.61,Sucesso
EfficientNetB0,20,64,0.3333333432674408,3489.64,Sucesso
EfficientNetB0,50,16,0.3333333432674408,1508.22,Sucesso
EfficientNetB0,50,32,0.3333333432674408,9663.12,Sucesso
EfficientNetB0,50,64,0.3333333432674408,4849.29,Sucesso
EfficientNetB0,100,16,0.3333333432674408,11473.06,Sucesso
EfficientNetB0,100,32,0.3333333432674408,7774.21,Sucesso
EfficientNetB0,100,64,0.3333333432674408,408.94,Sucesso
