Arquivo,Classe Real,Classe Prevista (DL),Confianca (DL),Ponto Detectado (CV),Ponto Coords (CV)
LFO3_48.jpg,LFO3,LFO2,0.4260519,Sim,"(141, 201)"
LFO3_49.jpg,LFO3,LFO2,0.42570263,Sim,"(140, 201)"
LFO3_47.jpg,LFO3,LFO2,0.42769644,Sim,"(212, 201)"
LFO3_46.jpg,LFO3,LFO2,0.42670795,Sim,"(75, 201)"
LFO3_44.jpg,LFO3,LFO2,0.42727825,Sim,"(162, 201)"
LFO3_50.jpg,LFO3,LFO2,0.4261661,Sim,"(35, 201)"
LFO3_45.jpg,LFO3,LFO2,0.4267669,Sim,"(220, 201)"
LFO3_41.jpg,LFO3,LFO2,0.4271101,Sim,"(42, 201)"
LFO3_42.jpg,LFO3,LFO2,0.42706355,Sim,"(154, 201)"
LFO3_43.jpg,LFO3,LFO2,0.42574683,Sim,"(166, 201)"
LFO2_45.jpg,LFO2,LFO2,0.42686388,Sim,"(160, 201)"
LFO2_50.jpg,LFO2,LFO2,0.4273804,Sim,"(16, 201)"
LFO2_44.jpg,LFO2,LFO2,0.42661846,Sim,"(92, 201)"
LFO2_46.jpg,LFO2,LFO2,0.4271,Sim,"(139, 201)"
LFO2_47.jpg,LFO2,LFO2,0.42686623,Sim,"(220, 201)"
LFO2_43.jpg,LFO2,LFO2,0.4270369,Sim,"(99, 201)"
LFO2_42.jpg,LFO2,LFO2,0.42636254,Sim,"(119, 201)"
LFO2_41.jpg,LFO2,LFO2,0.42732984,Sim,"(202, 201)"
LFO2_49.jpg,LFO2,LFO2,0.42534417,Sim,"(108, 201)"
LFO2_48.jpg,LFO2,LFO2,0.4266311,Nao,N/A
LBO_49.jpg,LBO,LFO2,0.42730206,Sim,"(196, 201)"
LBO_48.jpg,LBO,LFO2,0.4267764,Sim,"(156, 201)"
LBO_46.jpg,LBO,LFO2,0.4272837,Sim,"(68, 201)"
LBO_47.jpg,LBO,LFO2,0.4258938,Nao,N/A
LBO_45.jpg,LBO,LFO2,0.4263282,Nao,N/A
LBO_50.jpg,LBO,LFO2,0.42656618,Nao,N/A
LBO_44.jpg,LBO,LFO2,0.42659438,Sim,"(3, 201)"
LBO_41.jpg,LBO,LFO2,0.42577115,Sim,"(155, 201)"
LBO_43.jpg,LBO,LFO2,0.42599335,Sim,"(110, 201)"
LBO_42.jpg,LBO,LFO2,0.42724922,Sim,"(216, 201)"
