Arquivo,Classe Real,Classe Prevista (DL),Confianca (DL),Ponto Detectado (CV),Ponto Coords (CV)
LFO3_48.jpg,LFO3,LFO3,0.99999225,Sim,"(141, 201)"
LFO3_49.jpg,LFO3,LFO3,0.99982256,Sim,"(140, 201)"
LFO3_47.jpg,LFO3,LFO3,0.9922524,Sim,"(212, 201)"
LFO3_46.jpg,LFO3,LFO3,0.997051,Sim,"(75, 201)"
LFO3_44.jpg,LFO3,LFO3,0.99995685,Sim,"(162, 201)"
LFO3_50.jpg,LFO3,LFO3,0.9999813,Sim,"(35, 201)"
LFO3_45.jpg,LFO3,LFO3,0.9950105,Sim,"(220, 201)"
LFO3_41.jpg,LFO3,LFO3,0.99964356,Sim,"(42, 201)"
LFO3_42.jpg,LFO3,LFO3,0.8714767,Sim,"(154, 201)"
LFO3_43.jpg,LFO3,LFO3,0.9917579,Sim,"(166, 201)"
LFO2_45.jpg,LFO2,LFO2,0.99981636,Sim,"(160, 201)"
LFO2_50.jpg,LFO2,LFO2,0.8025962,Sim,"(16, 201)"
LFO2_44.jpg,LFO2,LFO2,0.9505227,Sim,"(92, 201)"
LFO2_46.jpg,LFO2,LFO2,0.9996319,Sim,"(139, 201)"
LFO2_47.jpg,LFO2,LBO,0.51046354,Sim,"(220, 201)"
LFO2_43.jpg,LFO2,LFO2,0.99984634,Sim,"(99, 201)"
LFO2_42.jpg,LFO2,LFO2,0.99999857,Sim,"(119, 201)"
LFO2_41.jpg,LFO2,LFO2,0.9484583,Sim,"(202, 201)"
LFO2_49.jpg,LFO2,LFO2,0.9963505,Sim,"(108, 201)"
LFO2_48.jpg,LFO2,LFO2,0.9996636,Nao,N/A
LBO_49.jpg,LBO,LFO3,0.738653,Sim,"(196, 201)"
LBO_48.jpg,LBO,LBO,0.99980885,Sim,"(156, 201)"
LBO_46.jpg,LBO,LBO,0.79652214,Sim,"(68, 201)"
LBO_47.jpg,LBO,LBO,0.9994424,Nao,N/A
LBO_45.jpg,LBO,LBO,0.6617889,Nao,N/A
LBO_50.jpg,LBO,LBO,0.9992291,Nao,N/A
LBO_44.jpg,LBO,LBO,0.89716315,Sim,"(3, 201)"
LBO_41.jpg,LBO,LBO,0.9998822,Sim,"(155, 201)"
LBO_43.jpg,LBO,LFO2,0.9100257,Sim,"(110, 201)"
LBO_42.jpg,LBO,LBO,0.6846619,Sim,"(216, 201)"
