Arquivo,Classe Real,Classe Prevista (DL),Confianca (DL),Ponto Detectado (CV),Ponto Coords (CV)
LFO3_48.jpg,LFO3,LBO,0.826381,Sim,"(141, 201)"
LFO3_49.jpg,LFO3,LFO2,0.6761487,Sim,"(140, 201)"
LFO3_47.jpg,LFO3,LFO3,0.44667575,Sim,"(212, 201)"
LFO3_46.jpg,LFO3,LFO3,0.40590867,Sim,"(75, 201)"
LFO3_44.jpg,LFO3,LFO3,0.5249419,Sim,"(162, 201)"
LFO3_50.jpg,LFO3,LFO2,0.6526453,Sim,"(35, 201)"
LFO3_45.jpg,LFO3,LBO,0.76064134,Sim,"(220, 201)"
LFO3_41.jpg,LFO3,LFO3,0.3837944,Sim,"(42, 201)"
LFO3_42.jpg,LFO3,LFO3,0.45026678,Sim,"(154, 201)"
LFO3_43.jpg,LFO3,LBO,0.9011607,Sim,"(166, 201)"
LFO2_45.jpg,LFO2,LFO2,0.7498676,Sim,"(160, 201)"
LFO2_50.jpg,LFO2,LFO3,0.4206365,Sim,"(16, 201)"
LFO2_44.jpg,LFO2,LFO2,0.35279974,Sim,"(92, 201)"
LFO2_46.jpg,LFO2,LFO3,0.52789676,Sim,"(139, 201)"
LFO2_47.jpg,LFO2,LBO,0.53085446,Sim,"(220, 201)"
LFO2_43.jpg,LFO2,LFO3,0.49249434,Sim,"(99, 201)"
LFO2_42.jpg,LFO2,LFO2,0.53571004,Sim,"(119, 201)"
LFO2_41.jpg,LFO2,LFO3,0.5035381,Sim,"(202, 201)"
LFO2_49.jpg,LFO2,LFO2,0.70767885,Sim,"(108, 201)"
LFO2_48.jpg,LFO2,LFO2,0.7772512,Nao,N/A
LBO_49.jpg,LBO,LBO,0.62142855,Sim,"(196, 201)"
LBO_48.jpg,LBO,LFO2,0.482052,Sim,"(156, 201)"
LBO_46.jpg,LBO,LBO,0.5849183,Sim,"(68, 201)"
LBO_47.jpg,LBO,LBO,0.95721084,Nao,N/A
LBO_45.jpg,LBO,LFO2,0.71197546,Nao,N/A
LBO_50.jpg,LBO,LBO,0.697609,Nao,N/A
LBO_44.jpg,LBO,LBO,0.9014166,Sim,"(3, 201)"
LBO_41.jpg,LBO,LFO2,0.7661377,Sim,"(155, 201)"
LBO_43.jpg,LBO,LFO2,0.77669734,Sim,"(110, 201)"
LBO_42.jpg,LBO,LBO,0.4977607,Sim,"(216, 201)"
