Arquivo,Classe Real,Classe Prevista (DL),Confianca (DL),Ponto Detectado (CV),Ponto Coords (CV)
LFO3_48.jpg,LFO3,LFO3,0.9999769,Sim,"(141, 201)"
LFO3_49.jpg,LFO3,LFO3,0.9999579,Sim,"(140, 201)"
LFO3_47.jpg,LFO3,LFO3,0.5842126,Sim,"(212, 201)"
LFO3_46.jpg,LFO3,LFO3,0.9935953,Sim,"(75, 201)"
LFO3_44.jpg,LFO3,LFO3,0.9111386,Sim,"(162, 201)"
LFO3_50.jpg,LFO3,LFO3,0.9999317,Sim,"(35, 201)"
LFO3_45.jpg,LFO3,LFO3,0.92611104,Sim,"(220, 201)"
LFO3_41.jpg,LFO3,LFO3,0.64037955,Sim,"(42, 201)"
LFO3_42.jpg,LFO3,LFO3,0.5908631,Sim,"(154, 201)"
LFO3_43.jpg,LFO3,LFO3,0.9990571,Sim,"(166, 201)"
LFO2_45.jpg,LFO2,LFO2,0.9777359,Sim,"(160, 201)"
LFO2_50.jpg,LFO2,LFO2,0.8253364,Sim,"(16, 201)"
LFO2_44.jpg,LFO2,LFO3,0.8005991,Sim,"(92, 201)"
LFO2_46.jpg,LFO2,LFO2,0.99925953,Sim,"(139, 201)"
LFO2_47.jpg,LFO2,LBO,0.48350072,Sim,"(220, 201)"
LFO2_43.jpg,LFO2,LFO2,0.85280484,Sim,"(99, 201)"
LFO2_42.jpg,LFO2,LFO2,0.5739006,Sim,"(119, 201)"
LFO2_41.jpg,LFO2,LFO2,0.6913446,Sim,"(202, 201)"
LFO2_49.jpg,LFO2,LFO2,0.97787493,Sim,"(108, 201)"
LFO2_48.jpg,LFO2,LFO2,0.94559056,Nao,N/A
LBO_49.jpg,LBO,LFO3,0.9538116,Sim,"(196, 201)"
LBO_48.jpg,LBO,LBO,0.5079015,Sim,"(156, 201)"
LBO_46.jpg,LBO,LBO,0.80175346,Sim,"(68, 201)"
LBO_47.jpg,LBO,LBO,0.97854245,Nao,N/A
LBO_45.jpg,LBO,LFO2,0.8122472,Nao,N/A
LBO_50.jpg,LBO,LBO,0.992097,Nao,N/A
LBO_44.jpg,LBO,LBO,0.7551413,Sim,"(3, 201)"
LBO_41.jpg,LBO,LFO2,0.9536895,Sim,"(155, 201)"
LBO_43.jpg,LBO,LBO,0.81805784,Sim,"(110, 201)"
LBO_42.jpg,LBO,LBO,0.66558754,Sim,"(216, 201)"
